country,track_count,unique_tracks,mean_popularity,mean_daily_rank,mean_valence,mean_energy,mean_danceability,pct_euphoric,pct_peaceful,pct_aggressive,pct_melancholic
AE,28866,828,86.43608397422574,25.50308321208342,0.4969588962793598,0.6253746359038315,0.6387798448001109,41.81736298759787,4.493175362017599,37.89925864338669,15.790203006997853
AR,29156,503,78.10543284401153,25.496124296885718,0.6343963259706407,0.6817380423034709,0.6964130882151186,70.99739333241871,3.7865276443956644,20.795033612292496,4.421045410893126
AT,29024,1184,81.46216923925027,25.500723539140022,0.5298441427783903,0.6618600358324146,0.6664434847023153,49.6933572216097,5.7986493936052925,32.900358324145536,11.60763506063947
AU,28965,663,87.53647505610219,25.50163991023649,0.5110935301225618,0.6248716934230968,0.6293482478853789,46.87381322285517,4.847229414810979,31.510443638874502,16.768513723459346
BE,29151,787,83.71997530101883,25.494665706150734,0.5258348135569963,0.6509782484305856,0.6594269836369251,50.416795307193574,5.018695756577819,31.944015642688072,12.62049329354053
BG,28913,906,61.138830283955315,25.499463908968284,0.6329154082938471,0.7743015183481479,0.7005711617611455,69.91318783938021,2.4487254868052433,23.740186075467783,3.8979005983467645
BO,29156,408,82.39504733159555,25.49790780628344,0.6208390585128276,0.6918505700850597,0.70435387913294,69.60488407188915,1.8761146933735766,23.514885443819452,5.0041157909178215
BR,29157,781,77.18832527351923,25.49761635284837,0.6529695922077031,0.710472579483486,0.679994718249477,70.99838803717805,9.023562094865726,15.958431937442125,4.019617930514113
BY,29109,772,63.12528771170428,25.496959703184583,0.5383056477378131,0.6560995911917276,0.6889666426191212,53.30653749699405,5.1908344498265135,30.385791336012918,11.116836717166512
CA,28919,966,86.70801203361113,25.50119298730938,0.5042272433348317,0.6105065534769529,0.6300708530723745,43.614924444137074,5.6226010581278745,33.29299076731561,17.469483730419448
CH,28970,1216,83.6589920607525,25.496858819468414,0.5068811850189852,0.6461669872281671,0.6558037625129444,46.996893337935795,4.829133586468761,35.581636175353815,12.59233690024163
CL,29105,599,78.16275554028518,25.498161827864628,0.6114787764988834,0.676818016193094,0.7332635526541831,68.91942965126266,3.4701941247208388,22.095859817900703,5.514516406115788
CO,28914,636,80.48239607110742,25.500138341287958,0.591843527702843,0.6701185757764404,0.7402541917410251,62.86228124783841,3.091927785847686,28.750778169744763,5.295012796569136
CR,29161,644,83.73392544837283,25.497170878913618,0.5736321453310929,0.6587668578375228,0.7111083399060389,58.993175817015874,4.0602174136689415,29.460580912863072,7.486025856452111
CZ,29161,845,70.15109221220123,25.496656493261547,0.48582609992798603,0.6722648400260622,0.6857136243613046,38.757244264599976,4.084222077432187,47.89959192071602,9.25894173725181
DE,29019,1416,78.04593542162031,25.497260415589786,0.5278890726765223,0.6650744181398394,0.6905612874323719,50.29808056790379,5.444708639167442,34.07767324856128,10.179537544367484
DK,28961,889,68.57169987224198,25.495735644487414,0.5523721107696558,0.659610310417458,0.692155415904147,53.54442180863921,5.707675839922654,34.246055039535925,6.501847311902213
DO,29176,873,72.24893748286263,25.49880038387716,0.5744069848505621,0.6692079037565122,0.7160240231697286,59.73060049355635,2.3375377022210033,32.02975047984645,5.902111324376199
EC,28912,520,83.50058799114555,25.499896236856667,0.6013241833840619,0.676050953268539,0.742229818068622,63.177919203099066,2.6009961261759824,27.79468732706143,6.426397343663531
EE,29023,1203,74.89883885194502,25.500602970058228,0.5163890879647176,0.6868460531302759,0.6606544464734865,48.830238087034424,4.548117010646728,37.07059917996072,9.551045722358129
EG,29161,395,60.096190116937,25.496656493261547,0.6173474092109323,0.6829321696786804,0.6998119406056034,63.05682246836528,3.988203422379205,23.161071293851375,9.793902815404136
ES,29005,702,79.48370970522323,25.496155835200828,0.5621071601448027,0.6803250425995517,0.711159079469057,61.79279434580245,2.9994828477848645,30.018962247888297,5.188760558524392
FI,29160,1129,62.45689300411522,25.495404663923182,0.5853844581618656,0.7046106001371742,0.6784660836762688,63.110425240054866,1.9204389574759946,29.45816186556927,5.5109739368998625
FR,29159,903,75.64889056552008,25.49795946363044,0.5727769755478583,0.6456882060427312,0.7090999348400151,61.69621729140231,4.434308446791728,26.911073767961863,6.9584004938440955
GB,20919,861,86.36383192313208,25.500549739471293,0.5224627754672786,0.640362742004876,0.6231759214111573,47.875137434867824,6.381758210239495,31.703236292365794,14.039868062526889
GLOBAL,28908,896,88.7449494949495,25.494603569946037,0.5178522485125224,0.6265109789677599,0.642797789539228,46.65144596651446,5.4967483049674835,31.309672063096723,16.54213366542134
GR,29122,904,62.84266190508894,25.50511640684019,0.5252563010782226,0.6870617024929606,0.7147359728040656,51.672275255820345,2.554769590000687,40.0590618776183,5.713893276560675
GT,29158,444,85.12902119486934,25.497016256259002,0.6367484234172439,0.6853263550312092,0.7270314939296247,68.40661225049729,4.681391041909596,21.880787433980384,5.031209273612731
HK,29112,593,69.78208298983238,25.502713657598242,0.49095845355866996,0.6162289708711185,0.6121912613355318,39.877026655674634,5.283044792525419,27.689612530915085,27.15031602088486
HN,29162,577,84.53621150812701,25.495919347095537,0.5946209310061038,0.6803896049653658,0.7253300493793292,62.776901447088676,3.4736986489266855,27.282079418421233,6.4673204855634046
HU,29163,696,66.05596132085176,25.499228474436787,0.5413461715187052,0.6748996330967321,0.7198401741933271,54.2125295751466,4.2451050989267225,33.676233583650514,7.866131742276172
ID,29156,262,79.7372753464124,25.495781314309234,0.37439919742077105,0.5088393469611744,0.5270119357936617,13.794759226231307,7.535327205377968,31.060502126491972,47.60941144189875
IE,28981,832,85.82909492426072,25.500465822435388,0.5109705151651082,0.6191789137710915,0.6098447983161382,45.8300265691315,5.793450881612091,29.888547669162556,18.487974880093855
IL,29116,519,63.03781426020058,25.502575903283418,0.4678042519576865,0.54149707377387,0.6162623643357604,31.6492650089298,13.435911526308558,25.412144525346886,29.502678939414757
IN,28906,445,75.26406282432713,25.497232408496505,0.5222809451324985,0.5801662976544663,0.6244671348508961,40.25807790770082,11.163772227219262,29.896907216494846,18.68124264858507
IS,28922,1229,58.49602378811977,25.49184012170666,0.5181517913698914,0.5011594941566974,0.6805317059677753,35.64760390014522,20.199156351566284,26.263743862803402,17.8894958854851
IT,29174,1141,71.49804620552547,25.49667512168369,0.5018328066086242,0.6855082456982244,0.6694148899705217,46.226091725509015,1.9640776033454446,47.87482004524577,3.9350106258997735
JP,29155,319,71.83268736065855,25.49627851140456,0.6365288286743268,0.7753651860744298,0.610415606242497,76.01440576230493,1.0392728519979422,22.71308523409364,0.23323615160349853
KR,29113,631,75.08147562944389,25.50152852677498,0.5463084326589496,0.6893555593721018,0.6547874489059871,57.13942225122798,1.5834850410469548,26.69941263353141,14.577680074193658
KZ,29161,452,67.23267377661946,25.499811391927576,0.5035484345529988,0.5972440245533418,0.7030825417509687,42.22420355954871,6.2789341929289115,32.588045677445905,18.90881657007647
LT,28973,871,71.55938287371,25.502260725503053,0.5569792530977117,0.6446197839367687,0.6957068995271459,52.06916784592551,8.276671383702068,29.448106858109274,10.20605391226314
LU,28315,1358,82.0663252692919,25.093130849373125,0.5326756906233445,0.6450743358643828,0.6659846512449232,51.802931308493726,4.591206074518806,32.6717287656719,10.934133851315558
LV,28934,1145,78.73681481993502,25.496578419852078,0.5018838529066151,0.6458003145088822,0.6600635584433537,44.152208474459115,6.666897076104237,37.03946913665584,12.141425312780811
MA,28907,613,61.96986888988826,25.496350364963504,0.539711222195316,0.6212030650015566,0.678068114989449,49.714601999515686,6.202649877192376,29.141730376725363,14.941017746566576
MX,29106,495,83.85710849996565,25.498110355253214,0.6737744746787604,0.6914467285095856,0.730464096749811,74.33862433862434,4.96461210746925,15.979523122380265,4.717240431526146
MY,29157,537,82.36663579929348,25.49857667112529,0.4431114140686627,0.5705396920122098,0.5926633055526974,30.400932880611858,2.987275782830881,34.808107830023665,31.80368350653359
NG,29060,756,66.0363041982106,25.49790089470062,0.6206345595320027,0.6779810426703372,0.7217537164487268,67.55333792154164,5.103234686854783,22.243633860977287,5.0997935306262905
NI,29170,596,84.35570791909495,25.497943092218033,0.6048382718546451,0.6691479835447377,0.7236499691463834,62.598560164552616,4.343503599588618,26.266712375728492,6.791223860130271
NL,28915,857,77.9405153034757,25.499809787307626,0.5622543282033546,0.681007064845236,0.6750526370395988,58.329586719695655,5.021615078678886,27.871347051703268,8.777451149922186
NO,28964,1013,75.03438751553652,25.496478386963126,0.5287328545780969,0.6338749758320674,0.6333736017124706,52.16820881093771,5.63112829719652,26.232564562905676,15.968098328960089
NZ,28966,685,86.79948905613477,25.499792860595182,0.5297186183801699,0.6225824449354416,0.639397604087551,47.37278188220672,7.992128702616862,30.711869087896154,13.923220327280259
PA,29158,755,77.53978324987996,25.49742780711983,0.5469583267027917,0.659790137211057,0.7066208553398724,53.96117703546197,3.4330200974003704,36.737773509842924,5.8680293572947395
PE,29056,441,83.82784966960352,25.49824476872247,0.6006716199752203,0.6809412996007709,0.7359593130506609,63.147026431718054,2.0236784140969166,29.6289922907489,5.200302863436123
PH,29154,372,79.49643273650271,25.498696576799066,0.506471105165672,0.5571313679083488,0.6340268230774508,33.988474994854904,14.660080949440902,27.2964258763806,24.055018179323593
PK,29159,416,73.35289276038273,25.49586748516753,0.5061215405192222,0.5594003909599095,0.6678900168044172,35.32357076717309,11.865976199458144,29.06478274289242,23.745670290476355
PL,29164,1026,72.74053627760253,25.498422712933753,0.5090700761212454,0.6842804142092991,0.6745474214785352,46.81456590316829,2.249348511863942,44.26690440268825,6.669181182279522
PT,29159,807,75.8154943585171,25.498988305497445,0.5418063469254776,0.5947077986213519,0.6951815562947975,46.12983984361604,12.8776707020131,25.87537295517679,15.117116499194076
PY,28953,371,81.85728594618865,25.497081476876318,0.6040224498324871,0.6691892128967637,0.6982169377957379,63.0366455980382,4.507304942493006,27.092183884226163,5.3638655752426345
RO,29068,874,63.04785330948122,25.500791248107884,0.6081161621026558,0.72110568322554,0.7410161689830742,62.7115728636301,1.9402779689005092,31.560478877115727,3.7876702903536534
SA,28970,726,78.96727649292372,25.4986192613048,0.508566955471177,0.6547332240248533,0.6141826717293752,45.87159130134622,4.042112530203659,32.65792198826372,17.4283741801864
SE,29014,1042,72.79602950299855,25.49682911697801,0.5254289756669194,0.607747363341835,0.6258575170607293,49.42441579926932,6.02467774177983,26.718136072240988,17.832770386709864
SG,29111,818,84.82645735289066,25.500188932018826,0.5134792655697159,0.6314437944419635,0.641890934698224,45.23032530658514,2.8855071965923536,32.489436982583904,19.394730514238603
SK,29124,944,70.73544156022524,25.50322757862931,0.47727961818431536,0.6694108638923224,0.6929481527262739,39.520670237604726,4.092844389506936,46.889163576431805,9.49732179645653
SV,29162,574,84.46618887593444,25.501988889650917,0.5935154512722036,0.6813660242781702,0.7351808757972704,62.95521569165352,3.2268020026061315,27.220355256841096,6.597627048899253
TH,29161,521,71.64562257810088,25.496347861870305,0.5186086622543808,0.6432036967182195,0.6222899420458833,43.671341860704366,5.027262439559686,38.41774973423408,12.88364596550187
TR,29111,526,72.07124454673492,25.499879770533475,0.5395927415753495,0.6497156744873072,0.650284600322902,50.283398028236746,6.409948129573014,37.72800659544502,5.578647246745216
TW,29157,625,74.0427341633227,25.498199403230785,0.4941567719587063,0.6209081901430189,0.6338102685461467,41.430874232602804,3.8789998971087565,33.58027231882566,21.10985355146277
UA,28814,710,66.4347539390574,25.499618241132783,0.532763767612966,0.6542814985770806,0.7016015478586798,48.833900187408894,6.177552578607622,34.51794266675922,10.470604567224266
US,28819,1060,86.6890940004858,25.503521982025745,0.4939159533641001,0.6035993143412332,0.6348147159859815,41.836982546236854,6.259759186647698,33.24542836323259,18.657829903882856
UY,28403,424,76.3275006161321,25.494595641305494,0.6591123782699011,0.6833349350772805,0.7034549519416963,76.33348589937683,3.0736189839101504,16.769355349786995,3.823539766926029
VE,28263,769,81.39726851360436,25.496479496161058,0.5456099879701376,0.6672142844248664,0.7265039840073595,54.665109860948945,3.0251565651204753,36.42217740508792,5.887556168842656
VN,28406,451,67.95370696331761,25.494472998662253,0.48695497430120394,0.5499132718439766,0.6728260930789269,31.461663028937547,13.176793635147504,30.553404210378087,24.808139125536858
ZA,28932,909,67.34339140052538,25.50217751970137,0.5245632552191345,0.6192562802433292,0.7211113991428176,47.38697635835753,8.298769528549704,30.129268629890777,14.184985483201991
