,popularity,danceability,energy,loudness,speechiness,acousticness,instrumentalness,liveness,valence,tempo,duration_min
popularity,1.0,0.03441158062661717,-0.0024438719744497538,0.04737106193048948,-0.045459309316658245,-0.022370211807485062,-0.0947106730062365,-0.005658056742612969,-0.04110922456133681,0.012179580977982244,-0.00789935064516805
danceability,0.03441158062661717,1.0,0.13169513657654208,0.2565591228901788,0.1082370896469356,-0.1691833546408485,-0.18397175107255645,-0.13164812616084304,0.4767496021291129,-0.05151836296694826,-0.0741083931372384
energy,-0.0024438719744497538,0.13169513657654208,1.0,0.7606245003544739,0.14197596645657776,-0.7327454360240001,-0.17996589520844467,0.18481152225489736,0.258447675915227,0.2473597189059608,0.05816282586381128
loudness,0.04737106193048948,0.2565591228901788,0.7606245003544739,1.0,0.060088473452449206,-0.5881097845196409,-0.4321076396396753,0.07679344987673098,0.2794241439086168,0.21217970042354425,-0.004228468962116084
speechiness,-0.045459309316658245,0.1082370896469356,0.14197596645657776,0.060088473452449206,1.0,-0.0013805724341531772,-0.08921314201792419,0.20509245873802556,0.036390933177202954,0.01716567202243206,-0.06318812746178677
acousticness,-0.022370211807485062,-0.1691833546408485,-0.7327454360240001,-0.5881097845196409,-0.0013805724341531772,1.0,0.10212882014619598,-0.020320603889074324,-0.10622844020023904,-0.20761292200738804,-0.10369516329997501
instrumentalness,-0.0947106730062365,-0.18397175107255645,-0.17996589520844467,-0.4321076396396753,-0.08921314201792419,0.10212882014619598,1.0,-0.07984334225790868,-0.32431646949503945,-0.04994139544848616,0.12530715051325053
liveness,-0.005658056742612969,-0.13164812616084304,0.18481152225489736,0.07679344987673098,0.20509245873802556,-0.020320603889074324,-0.07984334225790868,1.0,0.019332300560054645,0.0005434960193001232,0.010212986926172852
valence,-0.04110922456133681,0.4767496021291129,0.258447675915227,0.2794241439086168,0.036390933177202954,-0.10622844020023904,-0.32431646949503945,0.019332300560054645,1.0,0.07764436968047558,-0.15481040854302877
tempo,0.012179580977982244,-0.05151836296694826,0.2473597189059608,0.21217970042354425,0.01716567202243206,-0.20761292200738804,-0.04994139544848616,0.0005434960193001232,0.07764436968047558,1.0,0.02430116113077126
duration_min,-0.00789935064516805,-0.0741083931372384,0.05816282586381128,-0.004228468962116084,-0.06318812746178677,-0.10369516329997501,0.12530715051325053,0.010212986926172852,-0.15481040854302877,0.02430116113077126,1.0
