,precision,recall,f1-score,support
acoustic,0.2569444444444444,0.22560975609756098,0.24025974025974026,164.0
afrobeat,0.2714285714285714,0.20105820105820105,0.23100303951367782,189.0
alt-rock,0.0,0.0,0.0,32.0
alternative,1.0,0.6129032258064516,0.76,31.0
ambient,0.34,0.23776223776223776,0.27983539094650206,143.0
anime,0.43478260869565216,0.07575757575757576,0.12903225806451613,132.0
black-metal,0.38095238095238093,0.45714285714285713,0.4155844155844156,175.0
bluegrass,0.2515527950310559,0.4153846153846154,0.31334622823984526,195.0
blues,0.4,0.025974025974025976,0.04878048780487805,77.0
brazil,0.0,0.0,0.0,56.0
breakbeat,0.2887700534759358,0.2903225806451613,0.289544235924933,186.0
british,0.5714285714285714,0.10434782608695652,0.17647058823529413,115.0
cantopop,0.19305019305019305,0.2857142857142857,0.2304147465437788,175.0
chicago-house,0.3985239852398524,0.5684210526315789,0.4685466377440347,190.0
children,0.3979591836734694,0.40414507772020725,0.40102827763496146,193.0
chill,0.2127659574468085,0.08547008547008547,0.12195121951219512,117.0
classical,0.5981308411214953,0.48120300751879697,0.5333333333333333,133.0
club,0.28888888888888886,0.1989795918367347,0.23564954682779457,196.0
comedy,0.9080459770114943,0.797979797979798,0.8494623655913979,198.0
country,0.30407523510971785,0.5606936416184971,0.3943089430894309,173.0
dance,0.7051282051282052,0.6179775280898876,0.6586826347305389,89.0
dancehall,0.19730941704035873,0.31654676258992803,0.2430939226519337,139.0
death-metal,0.31932773109243695,0.2878787878787879,0.30278884462151395,132.0
deep-house,0.16260162601626016,0.19801980198019803,0.17857142857142858,101.0
detroit-techno,0.34959349593495936,0.45263157894736844,0.3944954128440367,190.0
disco,0.21686746987951808,0.144,0.17307692307692307,125.0
disney,0.5189873417721519,0.22905027932960895,0.3178294573643411,179.0
drum-and-bass,0.6521739130434783,0.7297297297297297,0.6887755102040817,185.0
dub,0.3181818181818182,0.175,0.22580645161290322,40.0
dubstep,0.36363636363636365,0.07407407407407407,0.12307692307692308,54.0
edm,0.0,0.0,0.0,26.0
electro,0.972972972972973,0.5217391304347826,0.6792452830188679,69.0
electronic,0.3333333333333333,0.014388489208633094,0.027586206896551724,139.0
emo,0.2413793103448276,0.06363636363636363,0.10071942446043165,110.0
folk,0.7777777777777778,0.07526881720430108,0.13725490196078433,93.0
forro,0.303125,0.5511363636363636,0.3911290322580645,176.0
french,0.19393939393939394,0.19161676646706588,0.1927710843373494,167.0
funk,0.39285714285714285,0.3333333333333333,0.36065573770491804,99.0
garage,0.26666666666666666,0.1038961038961039,0.14953271028037382,154.0
german,0.75,0.17355371900826447,0.28187919463087246,121.0
gospel,0.17647058823529413,0.1889763779527559,0.18250950570342206,127.0
goth,0.14583333333333334,0.04487179487179487,0.06862745098039216,156.0
grindcore,0.6186770428015564,0.8071065989847716,0.7004405286343612,197.0
groove,0.6,0.028037383177570093,0.05357142857142857,107.0
grunge,0.2413793103448276,0.1891891891891892,0.21212121212121213,148.0
guitar,0.448,0.32,0.37333333333333335,175.0
happy,0.37423312883435583,0.3860759493670886,0.38006230529595014,158.0
hard-rock,0.5,0.02631578947368421,0.05,76.0
hardcore,0.3047619047619048,0.24060150375939848,0.2689075630252101,133.0
hardstyle,0.4583333333333333,0.6759776536312849,0.54627539503386,179.0
heavy-metal,0.21726190476190477,0.37823834196891193,0.27599243856332706,193.0
hip-hop,0.4642857142857143,0.24074074074074073,0.3170731707317073,108.0
honky-tonk,0.3359375,0.6581632653061225,0.44482758620689655,196.0
house,0.9411764705882353,0.42105263157894735,0.5818181818181818,38.0
idm,0.21739130434782608,0.20202020202020202,0.2094240837696335,198.0
indian,0.5142857142857142,0.1782178217821782,0.2647058823529412,101.0
indie,1.0,0.20833333333333334,0.3448275862068966,24.0
indie-pop,1.0,0.07692307692307693,0.14285714285714285,52.0
industrial,0.25925925925925924,0.21604938271604937,0.2356902356902357,162.0
iranian,0.40588235294117647,0.3484848484848485,0.375,198.0
j-dance,0.24817518248175183,0.4563758389261745,0.3215130023640662,149.0
j-idol,0.3021148036253776,0.5405405405405406,0.3875968992248062,185.0
j-pop,1.0,0.07142857142857142,0.13333333333333333,70.0
j-rock,0.25,0.014492753623188406,0.0273972602739726,69.0
jazz,0.967741935483871,0.6666666666666666,0.7894736842105263,90.0
k-pop,0.2857142857142857,0.2125,0.24372759856630824,160.0
kids,0.2640845070422535,0.39267015706806285,0.3157894736842105,191.0
latin,0.875,0.30434782608695654,0.45161290322580644,46.0
latino,1.0,0.06896551724137931,0.12903225806451613,29.0
malay,0.17582417582417584,0.16326530612244897,0.1693121693121693,196.0
mandopop,0.1956521739130435,0.3620689655172414,0.2540322580645161,174.0
metal,0.0,0.0,0.0,30.0
metalcore,0.2457627118644068,0.4172661870503597,0.30933333333333335,139.0
minimal-techno,0.4068965517241379,0.45384615384615384,0.4290909090909091,130.0
mpb,0.25,0.022222222222222223,0.04081632653061224,90.0
new-age,0.3922413793103448,0.52,0.44717444717444715,175.0
opera,0.3387096774193548,0.5029940119760479,0.40481927710843374,167.0
pagode,0.3253588516746411,0.5230769230769231,0.40117994100294985,130.0
party,0.2699724517906336,0.5975609756097561,0.3719165085388994,164.0
piano,0.5531914893617021,0.36879432624113473,0.4425531914893617,141.0
pop,0.875,0.25609756097560976,0.39622641509433965,82.0
pop-film,0.25609756097560976,0.16535433070866143,0.20095693779904306,127.0
power-pop,0.2098360655737705,0.3699421965317919,0.26778242677824265,173.0
progressive-house,0.2827586206896552,0.3416666666666667,0.30943396226415093,120.0
psych-rock,0.18518518518518517,0.04672897196261682,0.07462686567164178,107.0
punk,1.0,0.023809523809523808,0.046511627906976744,42.0
punk-rock,0.0,0.0,0.0,49.0
r-n-b,0.6666666666666666,0.2682926829268293,0.3826086956521739,82.0
reggae,0.0,0.0,0.0,17.0
reggaeton,0.0,0.0,0.0,14.0
rock,0.9545454545454546,0.38181818181818183,0.5454545454545454,55.0
rock-n-roll,0.2222222222222222,0.15151515151515152,0.18018018018018017,132.0
rockabilly,0.423728813559322,0.1953125,0.26737967914438504,128.0
romance,0.4195121951219512,0.47513812154696133,0.44559585492227977,181.0
sad,0.27586206896551724,0.2857142857142857,0.2807017543859649,112.0
salsa,0.34577114427860695,0.702020202020202,0.4633333333333333,198.0
samba,0.3173076923076923,0.2619047619047619,0.28695652173913044,126.0
sertanejo,0.3103448275862069,0.4909090909090909,0.38028169014084506,165.0
show-tunes,0.2222222222222222,0.35555555555555557,0.27350427350427353,180.0
ska,0.15833333333333333,0.13380281690140844,0.1450381679389313,142.0
sleep,0.7757009345794392,0.8341708542713567,0.8038740920096852,199.0
soul,1.0,0.375,0.5454545454545454,88.0
spanish,0.2,0.058823529411764705,0.09090909090909091,187.0
study,0.4906166219839142,0.915,0.6387434554973822,200.0
swedish,0.8484848484848485,0.19047619047619047,0.3111111111111111,147.0
synth-pop,0.21226415094339623,0.2694610778443114,0.23746701846965698,167.0
tango,0.4036144578313253,0.67,0.5037593984962406,200.0
techno,0.35294117647058826,0.07692307692307693,0.12631578947368421,78.0
trance,0.4457831325301205,0.5211267605633803,0.4805194805194805,142.0
trip-hop,0.22564102564102564,0.2430939226519337,0.23404255319148937,181.0
turkish,0.12154696132596685,0.12643678160919541,0.12394366197183099,174.0
world-music,0.2633333333333333,0.42702702702702705,0.32577319587628867,185.0
accuracy,0.3447477704404657,0.3447477704404657,0.3447477704404657,0.3447477704404657
macro avg,0.40685793234212486,0.2981243546643012,0.2965337381208375,14689.0
weighted avg,0.37865632940566785,0.3447477704404657,0.32280597099323255,14689.0
