track_genre,track_count,unique_tracks,mean_danceability,mean_energy,mean_loudness,mean_speechiness,mean_acousticness,mean_instrumentalness,mean_liveness,mean_valence,mean_tempo,mean_popularity,pct_euphoric,pct_peaceful,pct_aggressive,pct_melancholic
acoustic,1000,1000,0.549593,0.43536810000000004,-9.447843,0.043247,0.56681639833,0.03833581843,0.1532444,0.42402300000000004,119.01062399999999,42.483,20.200000000000003,13.4,15.5,50.9
afrobeat,999,999,0.6694084084084084,0.7029379379379379,-7.789598598598599,0.08662172172172172,0.2708928451451451,0.2528757328928929,0.18472362362362363,0.6984746746746747,119.24205705705705,24.40740740740741,72.77277277277278,8.708708708708707,13.213213213213212,5.305305305305305
alt-rock,999,999,0.5346006006006007,0.7540270270270271,-6.194009009009009,0.05507567567567568,0.12216838767767767,0.05415070087087087,0.21033993993993996,0.5181794794794795,124.65440340340339,33.8968968968969,51.151151151151154,2.4024024024024024,39.73973973973974,6.706706706706707
alternative,999,999,0.559962962962963,0.7198478478478479,-6.0761911911911906,0.07013403403403404,0.1479671897797798,0.037501084184184186,0.20144074074074075,0.49515825825825827,122.20776876876877,24.36136136136136,44.34434434434434,4.504504504504505,40.74074074074074,10.41041041041041
ambient,999,999,0.3679657657657658,0.23725704704704706,-18.596266266266266,0.04155265265265265,0.7767006395395395,0.6759931492492492,0.12929839839839838,0.16734454454454453,111.15641341341342,44.208208208208205,1.8018018018018018,1.5015015015015014,11.11111111111111,85.58558558558559
anime,999,999,0.5375169169169169,0.6737880880880881,-7.938441441441441,0.0872962962962963,0.26797644938938936,0.2632344426326327,0.19731881881881883,0.4346357357357357,123.54965365365366,48.766766766766764,38.63863863863864,2.4024024024024024,34.234234234234236,24.724724724724727
black-metal,997,997,0.29666990972918755,0.8747214643931795,-6.528497492477433,0.08716870611835507,0.027136847833500503,0.44199603665997994,0.24111865596790372,0.19213109327983952,128.5921223671013,22.461384152457374,5.315947843530592,0.10030090270812438,89.56870611835507,5.015045135406218
bluegrass,998,998,0.5347715430861724,0.5302871743486973,-9.917164328657314,0.03868957915831663,0.5566500561122244,0.1370669252805611,0.2265498997995992,0.6348554108216432,126.62065631262524,25.681362725450903,51.503006012024045,19.138276553106213,6.613226452905812,22.74549098196393
blues,998,998,0.5685370741482966,0.5820455911823647,-8.521332665330663,0.06394218436873748,0.3976411275551102,0.034144811192384765,0.19183857715430863,0.6034386773547095,116.63287074148296,31.218436873747496,47.09418837675351,18.7374749498998,17.334669338677354,16.83366733466934
brazil,998,998,0.5631743486973948,0.6207975951903808,-7.60195991983968,0.09587144288577154,0.3321668057114228,0.013105951643286574,0.29779759519038074,0.4697090180360722,121.96297194388778,44.668336673346694,37.77555110220441,5.61122244488978,35.671342685370746,20.941883767535067
breakbeat,999,999,0.6461431431431431,0.8534964964964965,-6.027938938938939,0.08574904904904905,0.03143344282282282,0.3953817345245245,0.22043703703703704,0.47506836836836835,133.0422002002002,20.13213213213213,45.04504504504504,0.6006006006006006,53.653653653653656,0.7007007007007007
british,1000,1000,0.5012758,0.50712697,-10.519963,0.05001,0.42794293226,0.19367906342000002,0.1742984,0.4397141,118.828617,43.802,30.2,11.200000000000001,19.0,39.6
cantopop,999,999,0.5479019019019019,0.46181001001001004,-9.661862862862861,0.039092892892892896,0.536023268868869,0.012630103423423423,0.19202242242242243,0.39339529529529527,124.26351151151152,34.753753753753756,15.115115115115115,9.50950950950951,21.62162162162162,53.753753753753756
chicago-house,998,998,0.7662404809619238,0.7329819639278556,-9.155609218436874,0.07423016032064128,0.035304152875751504,0.4837285043687375,0.13747695390781564,0.5867486973947895,123.90862825651303,12.33366733466934,59.519038076152306,6.4128256513026045,30.761523046092183,3.306613226452906
children,998,998,0.7164759519038076,0.4944550901803607,-9.41163126252505,0.0924698396793587,0.4983929342685371,0.060662173056112226,0.1816446893787575,0.6937879759519038,123.36938577154308,35.11723446893787,39.278557114228455,38.57715430861723,5.410821643286573,16.733466933867735
chill,999,999,0.6642072072072072,0.42639929929929926,-10.466774774774773,0.10221421421421421,0.5346082630630631,0.17820018134134133,0.16832332332332334,0.40354504504504507,115.48886486486487,53.7047047047047,14.814814814814813,17.71771771771772,16.516516516516518,50.95095095095095
classical,933,933,0.3819590568060021,0.19519268595927117,-19.968859592711684,0.05128124330117899,0.9165422813504823,0.6081003254662379,0.16630407288317256,0.3785024651661308,108.04733226152196,13.519828510182208,5.466237942122187,29.153269024651664,2.679528403001072,62.70096463022507
club,995,995,0.6037408040201004,0.7225736683417084,-6.884333668341709,0.09446120603015075,0.159495918080402,0.34916743716582915,0.19961417085427136,0.3685173869346734,123.30708643216082,33.37788944723618,27.537688442211056,2.613065326633166,57.8894472361809,11.959798994974873
comedy,996,996,0.5774036144578314,0.6998925702811245,-10.449451807228916,0.7557071285140562,0.7264268895582329,0.00052687781124498,0.662210843373494,0.4550085341365462,100.93387148594377,24.643574297188756,33.23293172690763,8.132530120481928,50.602409638554214,8.032128514056225
country,1000,1000,0.555294,0.5968052,-7.281778,0.042268,0.321226736,0.00558460603,0.1772382,0.5214813,123.963307,17.028,45.1,7.199999999999999,23.3,24.4
dance,965,965,0.6876549222797927,0.709820725388601,-5.333689119170985,0.0877901554404145,0.1311723356476684,0.00862560287046632,0.16806860103626944,0.5520967875647669,120.43601658031088,23.403108808290156,57.61658031088083,2.7979274611398965,35.129533678756474,4.455958549222798
dancehall,999,999,0.734082082082082,0.6852812812812813,-6.118947947947948,0.18703813813813813,0.21548705605605606,0.007141191751751752,0.1567861861861862,0.6290556556556557,112.89906806806806,33.472472472472475,68.46846846846847,6.006006006006006,21.72172172172172,3.8038038038038042
death-metal,999,999,0.36831821821821825,0.9314684684684685,-5.347288288288288,0.11132572572572573,0.006702405255255255,0.27596201756756755,0.24335495495495496,0.24773883883883882,123.76279679679679,32.17917917917918,7.007007007007007,0.0,91.8918918918919,1.1011011011011012
deep-house,998,998,0.7105180360721443,0.7417795591182366,-6.971884769539078,0.05990240480961924,0.10131355098196393,0.2372387895490982,0.17089639278557114,0.44747404809619235,120.88964629258517,44.78857715430862,39.879759519038075,1.7034068136272544,53.807615230460925,4.609218436873747
detroit-techno,998,998,0.7224659318637274,0.7103180360721443,-11.089171342685372,0.07269549098196393,0.06572622931863727,0.6991005529058116,0.1546812625250501,0.4687794589178357,126.59767034068138,11.183366733466935,39.57915831663327,4.709418837675351,45.09018036072144,10.62124248496994
disco,1000,1000,0.676692,0.737565,-7.422032,0.0592516,0.1662128304,0.08095196790999999,0.1953252,0.6707538,121.97438000000001,33.522,70.1,5.3,16.5,8.1
disney,999,999,0.46303023023023027,0.3026695295295295,-14.967937937937938,0.07491701701701702,0.7426519165165165,0.38304953547547543,0.16855085085085084,0.36875915915915913,112.0453873873874,27.525525525525527,14.214214214214213,14.814814814814813,7.307307307307307,63.66366366366366
drum-and-bass,996,996,0.5357339357429719,0.8763795180722892,-4.164519076305221,0.09171807228915663,0.02599836140562249,0.37237316245983937,0.22040833333333334,0.3217534136546185,155.25464357429718,26.630522088353413,21.78714859437751,0.1004016064257028,77.10843373493977,1.0040160642570282
dub,999,999,0.5755155155155156,0.7147517517517518,-6.046363363363364,0.0971051051051051,0.12253151771771773,0.08861527980980982,0.18931151151151152,0.3868713713713714,129.50659659659658,40.05805805805806,23.423423423423422,6.106106106106106,64.76476476476476,5.7057057057057055
dubstep,999,999,0.5180080080080081,0.7588078078078078,-5.0639529529529534,0.09041551551551552,0.1137546049049049,0.09232711864864865,0.19971721721721722,0.2718457457457457,133.6633973973974,42.31731731731732,9.20920920920921,0.3003003003003003,84.58458458458459,5.905905905905906
edm,993,993,0.6483846928499497,0.7562578046324271,-5.275981873111783,0.07037724068479356,0.11470901107754279,0.040328178449144006,0.19233856998992951,0.46470926485397784,122.05445417925479,35.13897280966767,41.99395770392749,1.3091641490433032,55.2870090634441,1.4098690835850958
electro,998,998,0.651504008016032,0.6648587174348697,-6.130143286573146,0.07929859719438878,0.22766526653306612,0.03779894078156312,0.18472264529058116,0.4667968937875751,120.88684769539077,36.14629258517034,35.77154308617235,5.31062124248497,46.893787575150306,12.024048096192384
electronic,1000,1000,0.652945,0.6947523,-7.142963,0.08176779999999999,0.1770264701,0.24869729455999998,0.19077629999999998,0.39183890000000005,122.947839,44.325,29.4,3.0,54.400000000000006,13.200000000000001
emo,1000,1000,0.599321,0.6699669202999999,-6.718621,0.1089572,0.1950806693,0.03028117004,0.18373759999999997,0.441135,126.992643,48.128,34.699999999999996,5.3,42.699999999999996,17.299999999999997
folk,999,999,0.5585525525525525,0.5455945945945946,-9.031366366366365,0.05872792792792793,0.47569282582582584,0.037712317857857856,0.17617377377377377,0.49038718718718716,118.45262962962963,38.04404404404404,36.83683683683684,9.20920920920921,20.62062062062062,33.33333333333333
forro,998,998,0.6499468937875752,0.7895010020040081,-5.122070140280561,0.05720080160320641,0.39736227454909817,0.0012516596192384771,0.29534939879759514,0.7604993987975952,140.35065631262523,41.831663326653306,88.87775551102204,2.1042084168336674,8.617234468937877,0.4008016032064128
french,999,999,0.6515301301301302,0.5948700700700701,-8.853756756756757,0.12673893893893895,0.34977637056056055,0.1589983767967968,0.17445065065065063,0.42974124124124125,117.79386786786786,41.07507507507508,33.33333333333333,5.905905905905906,38.13813813813814,22.62262262262262
funk,1000,1000,0.678184,0.632999,-6.503946,0.15164850000000002,0.29965703309999997,0.0077982044200000005,0.18055690000000002,0.5996525,117.755823,32.322,55.7,12.4,21.9,10.0
garage,1000,1000,0.48426440000000004,0.7443500000000001,-6.553586,0.0659337,0.16750723135999998,0.18986975872,0.2126866,0.5180332,127.048215,40.933,49.6,3.6999999999999997,36.6,10.100000000000001
german,963,963,0.5300433021806853,0.5369940602284528,-11.167963655244028,0.09851308411214953,0.38015312811007274,0.279768888026999,0.19617331256490134,0.3851577362409138,117.49519210799585,27.191069574247145,30.73727933541018,5.29595015576324,29.387331256490135,34.57943925233645
gospel,999,999,0.4732972972972973,0.5763337337337336,-7.193607607607607,0.04128348348348348,0.37676831131131133,0.003310026856856857,0.29831091091091094,0.320801001001001,125.67478078078078,41.64064064064064,12.212212212212211,2.2022022022022023,53.85385385385385,31.73173173173173
goth,999,999,0.47855355355355356,0.7410800002002002,-7.161362362362363,0.07295425425425425,0.16413597141141142,0.11953373848848849,0.2302214214214214,0.4433193193193193,124.30890390390391,28.916916916916918,36.43643643643644,2.6026026026026026,50.750750750750754,10.21021021021021
grindcore,998,998,0.2720768537074148,0.9243226452905812,-6.238946893787575,0.1376119238476954,0.008715684859719438,0.5376920461022044,0.2809285571142284,0.21635370741482965,119.26818236472946,14.629258517034069,6.212424849699398,0.1002004008016032,92.98597194388778,0.7014028056112225
groove,998,998,0.5840831663326653,0.7639557114228457,-6.404963927855711,0.07072685370741484,0.13158497915831663,0.145833140751503,0.23067885771543087,0.4269433867735471,123.74139078156313,37.83266533066132,35.87174348697395,1.903807615230461,52.40480961923848,9.819639278557114
grunge,999,999,0.45705305305305305,0.8031121121121121,-5.6616106106106105,0.06105245245245245,0.0534945661961962,0.03700968783783784,0.22228108108108108,0.40044844844844846,129.3379029029029,49.58258258258258,28.72872872872873,0.3003003003003003,65.36536536536536,5.605605605605605
guitar,999,999,0.5403787787787787,0.3252063882882883,-14.041552552552552,0.051433733733733736,0.773217867867868,0.5160684875775776,0.149706006006006,0.43255435435435435,111.98887487487487,29.52852852852853,18.41841841841842,20.32032032032032,5.105105105105105,56.15615615615616
happy,999,999,0.5526966966966967,0.9109009009009009,-5.4163213213213215,0.11979369369369369,0.05730014204204204,0.26346552939939943,0.2843439439439439,0.32768618618618617,152.92087587587585,21.716716716716718,22.22222222222222,0.20020020020020018,77.07707707707708,0.5005005005005005
hard-rock,998,998,0.4822364729458918,0.794941883767535,-6.744859719438877,0.06644519038076152,0.09046400654308617,0.04929673056112224,0.2211180360721443,0.5141734468937875,125.36580861723448,42.723446893787575,50.60120240480962,1.1022044088176353,41.38276553106213,6.913827655310621
hardcore,999,999,0.5466206206206206,0.8423293293293292,-5.777425425425426,0.14933663663663663,0.06497814095095096,0.06823321402402403,0.23522682682682683,0.49620300300300296,125.32543643643645,36.111111111111114,48.74874874874875,1.3013013013013013,48.248248248248245,1.7017017017017018
hardstyle,998,998,0.5394108216432866,0.9011733466933868,-4.34745991983968,0.12244789579158318,0.05122562354709419,0.14216984853707415,0.2572200400801603,0.3120735470941884,146.90585871743485,26.603206412825653,18.336673346693384,0.0,81.66332665330661,0.0
heavy-metal,998,998,0.4284285571142285,0.8741523046092184,-5.746254509018036,0.07455571142284569,0.014983333076152305,0.08247333289579158,0.2798301603206413,0.3882503006012024,126.61172945891784,26.17935871743487,26.452905811623246,0.1002004008016032,71.5430861723447,1.903807615230461
hip-hop,991,991,0.7359374369323914,0.6823612512613522,-5.993539858728557,0.13032694248234106,0.19508381735620584,0.011005553420787084,0.19206528758829466,0.5505134207870838,116.5698607467205,38.08274470232089,54.692230070635716,4.137235116044399,33.501513622603426,7.669021190716448
honky-tonk,981,981,0.5715239551478083,0.3674647298674822,-11.734132517838939,0.03706890927624873,0.7110663321100917,0.05783453077471967,0.19123302752293578,0.6332191641182466,116.61576554536188,16.41080530071356,17.431192660550458,52.08970438328237,0.9174311926605505,29.561671763506624
house,999,999,0.6684854854854855,0.7551671671671673,-5.264155155155155,0.06942402402402403,0.10876282082082082,0.03802965014014014,0.18808088088088087,0.49446996996997,121.11801501501502,34.189189189189186,47.647647647647645,0.40040040040040037,50.35035035035035,1.6016016016016015
idm,998,998,0.5274834669338677,0.5551592685370741,-12.415854709418836,0.07540871743486975,0.37737687286573146,0.6745702393186372,0.16849168336673345,0.30262254509018033,123.25401903807615,15.759519038076153,18.43687374749499,4.008016032064128,40.28056112224449,37.27454909819639
indian,999,999,0.5924244244244244,0.5671381381381382,-8.848357357357358,0.07212872872872873,0.48516323223223223,0.039447475515515515,0.17295605605605605,0.4633153153153153,116.13914014014014,49.528528528528525,31.03103103103103,9.00900900900901,27.52752752752753,32.432432432432435
indie,997,997,0.5872878635907722,0.5565455366098295,-8.276674022066198,0.06271995987963891,0.3804554531895687,0.05296276255767302,0.16056930792377133,0.4675547642928787,118.99515747241726,38.90672016048144,31.59478435305918,10.631895687061183,28.58575727181545,29.187562688064194
indie-pop,1000,1000,0.60437,0.5611395,-7.996607,0.06586109999999999,0.37235655733,0.04193265404,0.1674189,0.4606154,120.17900900000001,40.657,32.2,8.200000000000001,29.599999999999998,30.0
industrial,1000,1000,0.530416,0.8617453,-6.024399000000001,0.0868167,0.03672752987,0.19203051773,0.2329869,0.4248738,126.831205,31.041,36.9,0.2,60.5,2.4
iranian,988,988,0.3003471659919028,0.5445016220647773,-13.12340991902834,0.09112024291497975,0.4124290670748988,0.5899988377125506,0.19209463562753037,0.15303876518218623,114.61782085020243,2.2246963562753037,2.935222672064777,0.6072874493927125,49.69635627530364,46.76113360323887
j-dance,993,993,0.6802567975830816,0.702961329305136,-6.070189325276939,0.21985518630412892,0.2309824658610272,0.03088637127895267,0.183837361530715,0.5638765357502518,114.92673111782479,26.69385699899295,58.30815709969789,3.0211480362537766,32.62839879154079,6.042296072507553
j-idol,999,999,0.5487577577577578,0.8685928928928929,-3.773912912912913,0.06945085085085086,0.15152347746746747,0.03727337635635636,0.22918608608608607,0.5777104104104104,136.09808608608608,24.713713713713712,64.06406406406407,0.5005005005005005,32.732732732732735,2.7027027027027026
j-pop,998,998,0.5517354709418837,0.6806324649298597,-6.259991983967936,0.05942735470941884,0.28085462386773546,0.011598311923847696,0.19872755511022042,0.5419560120240482,124.69469639278557,41.22444889779559,51.302605210420836,4.909819639278557,26.052104208416832,17.73547094188377
j-rock,1000,1000,0.509069,0.7606839999999999,-5.693655,0.0644018,0.16859578123,0.023455719299999997,0.2236261,0.5377491999999999,128.52244199999998,40.664,53.300000000000004,3.2,32.800000000000004,10.7
jazz,999,999,0.5098918918918919,0.35320463463463464,-11.57537937937938,0.05498698698698699,0.7155452522522522,0.07904012159159159,0.17007517517517518,0.49033633633633633,112.68286886886887,13.586586586586586,14.414414414414415,36.43643643643644,8.308308308308309,40.84084084084084
k-pop,999,999,0.6475765765765765,0.6757577577577577,-6.467934934934934,0.0879074074074074,0.2924496436436437,0.009834892412412413,0.17637647647647647,0.5566818818818818,119.25074174174173,56.906906906906904,54.454454454454456,7.207207207207207,27.427427427427425,10.91091091091091
kids,991,991,0.7786296670030272,0.6135636730575177,-8.108648839556004,0.1534302724520686,0.2391801828456105,0.019836951291624622,0.1723454086781029,0.6814791120080728,121.78339757820383,14.940464177598386,58.72855701311806,19.27346115035318,12.008072653884964,9.989909182643794
latin,990,990,0.7214101010101011,0.7271444444444445,-5.271796969696969,0.09274111111111111,0.18403488383838384,0.009269433757575758,0.1748427272727273,0.6320969696969696,119.82855151515152,8.363636363636363,73.73737373737373,2.1212121212121215,20.909090909090907,3.2323232323232323
latino,993,993,0.7573957703927493,0.730757804632427,-5.18513192346425,0.1146515609264854,0.17309811681772405,0.008108938902316213,0.17207522658610272,0.6287530715005035,119.37071802618328,25.826787512588115,75.02517623363545,1.6112789526686808,22.557905337361532,0.8056394763343404
malay,999,999,0.6286036036036037,0.5783089089089088,-8.373361361361361,0.08100900900900901,0.40427437137137134,0.008860065815815816,0.1731914914914915,0.5011750750750751,119.30001101101101,30.36736736736737,37.73773773773774,10.31031031031031,26.526526526526528,25.425425425425423
mandopop,1000,1000,0.546532,0.4984339,-8.176785,0.039487499999999995,0.4802883056,0.00370946679,0.1593046,0.35016430000000004,123.47590600000001,45.025,11.899999999999999,5.1,35.4,47.599999999999994
metal,998,998,0.46432765531062126,0.8405020040080161,-5.425766533066132,0.070312625250501,0.03709439743486974,0.06468877443887776,0.20526563126252503,0.4182951903807615,127.91924749498997,43.67835671342685,35.07014028056113,0.2004008016032064,61.82364729458918,2.905811623246493
metalcore,1000,1000,0.4238,0.914485,-4.457694,0.1102598,0.01028572868,0.04569473931,0.25818040000000003,0.31490179999999995,130.580195,43.477,14.099999999999998,0.0,85.0,0.8999999999999999
minimal-techno,998,998,0.729315631262525,0.6798997995991983,-9.78044388777555,0.06260881763527054,0.07106361489979961,0.7450325460320641,0.1352941883767535,0.2831745490981964,124.75148296593186,34.01803607214429,14.32865731462926,2.3046092184368736,68.5370741482966,14.829659318637276
mpb,1000,1000,0.5740879999999999,0.5797871706,-9.110408,0.0565688,0.420858189,0.01545886196,0.33946390000000004,0.5564338,120.16105499999999,40.792,46.5,12.0,18.6,22.900000000000002
new-age,994,994,0.3480016096579477,0.2138720523138833,-18.524356136820924,0.04570533199195171,0.8243605855130784,0.7146185298692153,0.1993407444668008,0.1827327967806841,107.91794969818913,29.061368209255534,4.124748490945674,2.2132796780684103,7.142857142857142,86.51911468812877
opera,992,992,0.31321683467741934,0.3165232862903226,-13.590145161290323,0.04643185483870968,0.796137584233871,0.16410835226814516,0.22014425403225804,0.21479657258064516,105.59264919354838,24.632056451612904,3.8306451612903225,3.931451612903226,14.012096774193546,78.2258064516129
pagode,1000,1000,0.577723,0.7121230000000001,-7.268763,0.0627869,0.53837212,0.0005657869,0.5198638,0.687978,126.859308,44.298,80.7,3.0,13.100000000000001,3.2
party,994,994,0.6671569416498994,0.8713490945674044,-4.411034205231388,0.08739678068410463,0.09245036780684104,0.0016971387223340042,0.2876666498993964,0.6811789738430584,131.32309054325955,21.033199195171026,79.77867203219316,1.1066398390342052,19.014084507042252,0.1006036217303823
piano,998,998,0.45526182364729456,0.32060066533066134,-16.99564128256513,0.04683957915831663,0.7044097324649299,0.5156091156513026,0.1449490981963928,0.313713627254509,118.05614929859719,45.27755511022044,13.326653306613226,4.709418837675351,17.234468937875754,64.72945891783567
pop,993,993,0.6304078549848943,0.6055015105740181,-6.970699899295065,0.08017381671701913,0.3457721047331319,0.00908977113796576,0.15798479355488418,0.5069311178247734,120.88139879154079,47.903323262839876,43.101711983887206,6.747230614300101,29.909365558912388,20.241691842900302
pop-film,999,999,0.5972602602602602,0.6043852852852852,-7.873569569569569,0.06407657657657657,0.4407874034034034,0.00813184045045045,0.1664374374374374,0.5289812812812813,117.29098698698698,59.28028028028028,43.84384384384384,10.81081081081081,24.524524524524523,20.82082082082082
power-pop,996,996,0.4735230923694779,0.8014618473895582,-6.685469879518072,0.05790562248995984,0.08581594973895583,0.06414307299196786,0.22240883534136546,0.6149126506024096,134.60367068273092,26.923694779116467,66.56626506024097,3.313253012048193,26.00401606425703,4.116465863453815
progressive-house,999,999,0.6239529529529529,0.8132432432432432,-5.422194194194194,0.06763913913913915,0.06142006645645645,0.20068296815815817,0.2093932932932933,0.36532642642642643,125.09072872872873,46.66166166166166,27.52752752752753,0.20020020020020018,71.77177177177178,0.5005005005005005
psych-rock,996,996,0.5025160642570281,0.5617658634538153,-9.98738453815261,0.047374598393574295,0.3154427891967872,0.09218362175702811,0.20320050200803214,0.5636746987951807,121.53349297188754,42.89859437751004,42.46987951807229,15.160642570281125,17.269076305220885,25.100401606425706
punk,999,999,0.4996556556556557,0.8097447447447447,-5.7296476476476474,0.06421511511511513,0.08920961806806807,0.03892467915915916,0.21604414414414416,0.5556803803803804,133.60912212212213,38.292292292292295,57.15715715715716,2.8028028028028027,35.23523523523524,4.804804804804805
punk-rock,1000,1000,0.507329,0.80998,-5.916501,0.0635081,0.08259563991999999,0.03218837353,0.23666890000000002,0.5669669,132.219025,38.236,59.3,2.3,33.2,5.2
r-n-b,1000,1000,0.614388,0.6381296706,-7.5394440000000005,0.0892185,0.3705621442,0.00995564893,0.2621831,0.6331639,124.038939,36.687,53.900000000000006,14.7,19.3,12.1
reggae,1000,1000,0.745331,0.7257910000000001,-5.292395000000001,0.1154054,0.175950025,0.00280536537,0.18832959999999999,0.647529,119.867602,20.63,76.2,2.5,19.7,1.6
reggaeton,1000,1000,0.758521,0.7387279999999999,-4.987124,0.1209521,0.16476341,0.0027859151,0.1703853,0.6427535,118.872403,23.858,77.2,1.0,21.3,0.5
rock,1000,1000,0.543609,0.6790711,-6.664480999999999,0.0499229,0.2092416581,0.02097829594,0.1725127,0.5389026,126.321238,19.001,48.8,6.1,31.7,13.4
rock-n-roll,1000,1000,0.5503020000000001,0.5266152,-9.381602999999998,0.0513818,0.5533451770000001,0.01422119739,0.22731200000000001,0.67049,120.390017,34.434,44.9,31.0,5.800000000000001,18.3
rockabilly,999,999,0.5611861861861862,0.6592051051051051,-8.204841841841843,0.05958048048048048,0.44722339665665667,0.02525461141141141,0.22903443443443441,0.7267367367367368,123.65703703703704,31.5025025025025,67.06706706706707,15.115115115115115,6.206206206206207,11.611611611611613
romance,904,904,0.4315367256637168,0.2988484513274336,-13.093486725663718,0.06435188053097346,0.8644558628318585,0.0532656791261062,0.21254070796460175,0.39457511061946904,109.81713716814158,3.549778761061947,7.7433628318584065,23.893805309734514,5.0884955752212395,63.27433628318584
sad,1000,1000,0.692378,0.4624701,-10.275018,0.13043110000000002,0.473710126,0.10574007686999999,0.1716106,0.4220495,119.06495,52.379,19.400000000000002,16.2,22.900000000000002,41.5
salsa,998,998,0.6681973947895792,0.7242284569138276,-6.928846693386773,0.05617444889779559,0.4690345290581162,0.012561161703406813,0.18257324649298598,0.8145360721442886,119.82768436873747,28.06312625250501,88.27655310621243,7.214428857715431,2.905811623246493,1.6032064128256511
samba,1000,1000,0.5748970000000001,0.6726435000000001,-8.490191999999999,0.0836434,0.48990308,0.00735573505,0.44319240000000004,0.6934091,118.122361,38.826,76.6,6.4,7.9,9.1
sertanejo,1000,1000,0.591647,0.710391,-5.4854449999999995,0.0648653,0.43662081999999997,0.00016028155999999998,0.4742244,0.619325,127.052197,47.866,67.5,5.6000000000000005,21.8,5.1
show-tunes,999,999,0.46395605605605605,0.39888564564564566,-10.683577577577578,0.10825745745745746,0.6369112377377377,0.037906090760760756,0.2155129129129129,0.379086986986987,114.38588388388389,31.25725725725726,15.815815815815814,15.015015015015015,14.014014014014014,55.15515515515516
singer-songwriter,1000,1000,0.562022,0.4341884,-9.779511000000001,0.0514857,0.552753542,0.02789156195,0.1501931,0.4142976,119.737322,37.813,20.200000000000003,10.299999999999999,18.4,51.1
ska,1000,1000,0.5806760000000001,0.793134,-6.352839,0.0721267,0.12157529915000001,0.03011484543,0.2714103,0.69672,128.338341,35.126,76.8,4.7,16.6,1.9
sleep,1000,1000,0.1679225,0.3420717147,-24.194084,0.056847,0.65725269538,0.72353913231,0.3577362,0.058187871,84.619491,35.071,0.1,0.7000000000000001,30.5,68.7
songwriter,1000,1000,0.562022,0.4341884,-9.779511000000001,0.0514857,0.552753542,0.02789156195,0.1501931,0.4142976,119.737322,37.813,20.200000000000003,10.299999999999999,18.4,51.1
soul,999,999,0.6000210210210211,0.5336302302302302,-8.288617617617618,0.06005675675675675,0.4015084038038038,0.01364990984984985,0.18175765765765764,0.5228722722722722,114.5969049049049,19.814814814814813,35.83583583583583,15.315315315315313,18.31831831831832,30.53053053053053
spanish,1000,1000,0.6043099999999999,0.707777,-6.486594,0.0873142,0.26875821767999997,0.01730288268,0.2236962,0.5484960999999999,122.832437,37.922,55.2,3.5000000000000004,31.3,10.0
study,998,998,0.685251503006012,0.41095561122244484,-10.847477955911824,0.10011623246492986,0.5305599278557115,0.7894964516032064,0.16134068136272545,0.4025449899799599,111.81752805611222,26.128256513026052,14.228456913827655,18.537074148296593,13.72745490981964,53.50701402805611
swedish,1000,1000,0.590413,0.6220025,-7.776523,0.0648112,0.32420006572,0.022167267549999998,0.1903963,0.5329407,121.094523,37.175,45.7,7.7,25.4,21.2
synth-pop,1000,1000,0.620663,0.7131349,-8.204640999999999,0.0483371,0.15232235625,0.0823240868,0.18416916,0.5863771000000001,122.85003200000001,36.576,57.8,3.9,30.0,8.3
tango,1000,1000,0.537862,0.372828,-10.062361000000001,0.0798359,0.846208935,0.13971502503,0.2303476,0.5835295,114.55432,19.871,15.4,53.1,2.9000000000000004,28.599999999999998
techno,1000,1000,0.684348,0.746413,-8.077874,0.0642115,0.08141378108000001,0.540038208,0.1594341,0.3218783,128.255482,39.042,22.1,1.3,67.4,9.2
trance,999,999,0.5832992992992994,0.8453863863863863,-6.327486486486486,0.07974144144144144,0.035901370670670674,0.4233813062662663,0.23447987987987987,0.2768846846846847,133.28702602602604,37.63663663663664,14.414414414414415,0.10010010010010009,84.38438438438438,1.1011011011011012
trip-hop,997,997,0.6349217652958877,0.6222086258776329,-9.239489468405216,0.07638375125376129,0.22555127457372115,0.384065528996991,0.19033400200601805,0.47794062186559677,118.78329388164494,34.499498495486456,41.72517552657974,5.015045135406218,33.29989969909729,19.95987963891675
turkish,999,999,0.6162072072072072,0.6099285285285285,-8.220551551551551,0.10515875875875876,0.32144166616616615,0.035638456456456455,0.18056186186186188,0.4624231231231231,120.36787987987988,40.7007007007007,34.93493493493494,6.906906906906906,38.53853853853854,19.61961961961962
world-music,999,999,0.4144994994994995,0.5326243646646647,-9.421907907907908,0.04176846846846847,0.2998463247947948,0.09191571324324324,0.2502838838838839,0.2501614214214214,121.41010010010011,41.88088088088088,7.907907907907907,1.4014014014014013,50.050050050050054,40.64064064064064
